item,itemLabel,startDate,endDate,sourceDate,psid
Q7917880,Ved Prakash Malik,1997-09-30,2000-09-30,,Q7917880-e6cdb8ca-4c89-a2e6-26b9-98bd09db11e9
Q7639245,Sundararajan Padmanabhan,2000-10-01,2002-12-31,2022-05-01,Q7639245-74D3890E-7930-4392-8DBE-8E3231D66A03
Q7039992,Nirmal Chander Vij,2003-01-01,2005-01-31,2022-05-01,Q7039992-4B880550-1F6A-4E3C-84FF-42CCD75F8FF9
Q1895936,Joginder Jaswant Singh,2005-02-01,2007-08-31,,Q1895936-27f48eb5-664a-45bb-bc20-a7709855422a
Q5250509,Deepak Kapoor,2007-10-01,2010-03-31,2022-05-01,Q5250509-5999F449-DC60-4D1D-9A37-FE79D522BBD7
Q7929176,Vijay Kumar Singh,2010-04-01,2012-05-31,2022-05-01,Q7929176-55BF39D3-A807-4D29-BF6A-D3D4D50168DC
Q2354992,Bikram Singh,2012-06-01,2014-07-31,2022-05-01,Q2354992-1B2634ED-C10C-4A18-A3AA-B84537977D35
Q16728340,Dalbir Singh Suhag,2014-07-31,2016-12-31,,Q16728340-a423ff40-40be-1ba0-ff77-d9ff65396a53
Q4915447,Bipin Rawat,2016-12-31,2019-12-31,,Q4915447-BAB1CED1-C2AC-4532-A240-74F20FB5E0E1
Q44633840,Manoj Mukund Naravane,2019-12-31,2022-04-30,,Q44633840-D787FBD7-EE86-48C0-B914-E43038910A3C
Q96316938,Manoj Pande,2022-04-30,,2022-05-01,Q96316938-0EB255C2-E3B6-472F-9EAF-DB8690D7E5F9
